bound,type Name,type Link
Việt Nam,Nhạc Trẻ,/the-loai-nghe-si/Nhac-Tre/IWZ9Z088.html
Việt Nam,Nhạc Trữ Tình,/the-loai-nghe-si/Nhac-Tru-Tinh/IWZ9Z08B.html
Việt Nam,Nhạc Dance,/the-loai-nghe-si/Nhac-Dance/IWZ9Z0CW.html
Việt Nam,Rock Việt,/the-loai-nghe-si/Rock-Viet/IWZ9Z08A.html
Việt Nam,Rap / Hip Hop Việt,/the-loai-nghe-si/Rap-Viet/IWZ9Z089.html
Việt Nam,Nhạc Trịnh,/the-loai-nghe-si/Nhac-Trinh/IWZ9Z08E.html
Việt Nam,Nhạc Thiếu Nhi,/the-loai-nghe-si/Nhac-Thieu-Nhi/IWZ9Z08F.html
Việt Nam,Nhạc Cách Mạng,/the-loai-nghe-si/Nhac-Cach-Mang/IWZ9Z08C.html
Việt Nam,Nhạc Quê Hương,/the-loai-nghe-si/Nhac-Que-Huong/IWZ9Z08D.html
Việt Nam,Nhạc Không Lời,/the-loai-nghe-si/Nhac-Khong-Loi/IWZ9Z090.html
Việt Nam,Nhạc Phim,/the-loai-nghe-si/Nhac-Phim/IWZ9Z0BA.html
Việt Nam,Cải Lương,/the-loai-nghe-si/Cai-Luong/IWZ9Z0C6.html
Âu Mỹ,Pop,/the-loai-nghe-si/Pop/IWZ9Z097.html
Âu Mỹ,Rock,/the-loai-nghe-si/Rock/IWZ9Z099.html
Âu Mỹ,Rap / Hip Hop,/the-loai-nghe-si/Rap-Hip-Hop/IWZ9Z09B.html
Âu Mỹ,Country,/the-loai-nghe-si/Country/IWZ9Z096.html
Âu Mỹ,Electronic / Dance,/the-loai-nghe-si/Electronic-Dance/IWZ9Z09A.html
Âu Mỹ,R&B / Soul,/the-loai-nghe-si/R-B-Soul/IWZ9Z09D.html
Âu Mỹ,Audiophile,/the-loai-nghe-si/Audiophile/IWZ9Z0EO.html
Âu Mỹ,Trance / House / Techno,/the-loai-nghe-si/Trance-House-Techno/IWZ9Z0C7.html
Âu Mỹ,OST,/the-loai-nghe-si/Nhac-Phim/IWZ9Z0EC.html
Âu Mỹ,Blues / Jazz,/the-loai-nghe-si/Blues-Jazz/IWZ9Z09C.html
Âu Mỹ,New Age / World Music,/the-loai-nghe-si/New-Age-World-Music/IWZ9Z098.html
Âu Mỹ,Indie,/the-loai-nghe-si/Indie/IWZ9Z0CA.html
Âu Mỹ,Folk,/the-loai-nghe-si/Folk/IWZ9Z09E.html
Âu Mỹ,Christian & Gospel,/the-loai-nghe-si/Christian-Gospel/IWZ9Z0DE.html
Châu Á,Hàn Quốc,/the-loai-nghe-si/Han-Quoc/IWZ9Z08W.html
Châu Á,Nhật Bản,/the-loai-nghe-si/Nhat-Ban/IWZ9Z08Z.html
Châu Á,Hoa Ngữ,/the-loai-nghe-si/Hoa-Ngu/IWZ9Z08U.html
Hòa Tấu,Classical,/the-loai-nghe-si/Classical/IWZ9Z0BI.html
Hòa Tấu,Piano,/the-loai-nghe-si/Piano/IWZ9Z0B0.html
Hòa Tấu,Guitar,/the-loai-nghe-si/Guitar/IWZ9Z0A9.html
Hòa Tấu,Violin,/the-loai-nghe-si/Violin/IWZ9Z0BU.html
Hòa Tấu,Cello,/the-loai-nghe-si/Cello/IWZ9Z0AD.html
Hòa Tấu,Saxophone,/the-loai-nghe-si/Saxophone/IWZ9Z0B7.html
Hòa Tấu,Nhạc Cụ Dân Tộc,/the-loai-nghe-si/Nhac-Cu-Dan-Toc/IWZ9Z0AA.html
Hòa Tấu,New Age / World Music,/the-loai-nghe-si/New-Age-World-Music/IWZ9Z0BO.html
Hòa Tấu,Nhạc Cụ Khác,/the-loai-nghe-si/Nhac-Cu-Khac/IWZ9Z0E8.html
